{"cameraMode":{"drawMode":0,"name":"Shaded","section":"Shading Mode"},"sceneLighting":true,"audioPlay":false,"sceneViewState":{"m_AlwaysRefresh":false,"showFog":true,"showSkybox":true,"showFlares":true,"showImageEffects":true,"showParticleSystems":true,"showVisualEffectGraphs":true,"m_FxEnabled":true},"in2DMode":false,"pivot":{"x":2.5284085273742677,"y":2.9421145915985109,"z":-31.958894729614259},"rotation":{"x":0.019490523263812066,"y":0.029092632234096528,"z":-0.0005673568230122328,"w":0.9993872046470642},"size":0.8685076236724854,"orthographic":false}